{"character":"hero_thinks","autobranch":"start","branches":[{"name":"start","text":"Мое смс о прибытие было проигнорировано. Делать нечего, придется ждать ответа. Чувство дежавю не покидало меня. Забытые обрывки памяти нуждались в спусковом механизме, лишь связывая их с существующем предметом, они могли повлиять на меня, давая мне шанс использовать эти “подсказки”.","text_id":"04b6eb05-3300-4015-bac6-7cbbb568d19d","hidden":false,"closed":false,"hide_self":true,"choice":false,"or_cond":false,"event":{"name":"start_ch1"},"show":[],"hide":[],"vars":[],"if":[],"change_started":"","phrases":[{"text":"Мое смс о прибытие было проигнорировано. Делать нечего, придется ждать ответа. Чувство дежавю не покидало меня. Забытые обрывки памяти нуждались в спусковом механизме, лишь связывая их с существующем предметом, они могли повлиять на меня, давая мне шанс использовать эти “подсказки”.","text_id":"1eb6363f-89dd-44ed-a10d-6d2bdd66ee05","npc":"hero_thinks","anim":"","if":{}}]},{"name":"th_1","text":"Воспоминания всплыли в моей голове подобно удару молнии. Я вспомнил что в слоту сдачи лежит забытая кем-то монетка.","text_id":"de08edc8-f300-4fd0-8b4d-f22aad4284c1","hidden":false,"closed":false,"hide_self":true,"choice":false,"or_cond":false,"event":{"name":"use_coin"},"show":[],"hide":[],"vars":[],"if":[],"change_started":"","phrases":[{"text":"Воспоминания всплыли в моей голове подобно удару молнии. Я вспомнил что в слоту сдачи лежит забытая кем-то монетка.","text_id":"ae31bc34-3a16-4047-8d5c-6f204a338d36","npc":"hero_thinks","anim":"","if":{}}]},{"name":"th_2","text":"Комната 102 свободна, эта комната отличается от других, только не могу вспомнить чем.","text_id":"18774203-3b49-476e-a24c-bfa5dc7a5ddb","hidden":false,"closed":false,"hide_self":true,"choice":false,"or_cond":false,"event":{"name":"use_key"},"show":[],"hide":[],"vars":[],"if":[],"change_started":"","phrases":[{"text":"Комната 102 свободна, эта комната отличается от других, только не могу вспомнить чем.","text_id":"dba70ffc-194a-41fc-90ac-d1b2047ee18f","npc":"hero_thinks","anim":"","if":{}}]},{"name":"th_3","text":"Похоже у них есть бар, пропущу стаканчик пока жду ответа.","text_id":"5bfb18f8-d108-42f2-9726-a628f271282b","hidden":false,"closed":false,"hide_self":true,"choice":false,"or_cond":false,"event":{"name":"after_Norman"},"show":[],"hide":[],"vars":[],"if":[],"change_started":"","phrases":[{"text":"Похоже у них есть бар, пропущу стаканчик пока жду ответа.","text_id":"10be1169-0031-4a91-8d57-fb8540a7794b","npc":"hero_thinks","anim":"","if":{}}]},{"name":"th_4","text":"Ручка может пригодиться, лучше её забрать.","text_id":"b2b04ee5-ec01-45a1-b5ed-d45b11842451","hidden":false,"closed":false,"hide_self":true,"choice":false,"or_cond":false,"event":{"name":"get_pen"},"show":[],"hide":[],"vars":[],"if":[],"change_started":"","phrases":[{"text":"Ручка может пригодиться, лучше её забрать.","text_id":"0504a1d5-74c1-4e40-890f-3ee0f916f26a","npc":"hero_thinks","anim":"","if":{}}]},{"name":"th_5","text":"Что-то мне подсказывает подобное самообслуживание не предназначено для сдачи, отдохну в номере пока ожидаю сообщение. Можно познакомиться с посетителями Мотеля, хотя навряд ли я их еще увижу.","text_id":"319e7efb-3605-4706-9418-29e73065a9c4","hidden":false,"closed":false,"hide_self":true,"choice":false,"or_cond":false,"event":{"name":"after_bar_talk"},"show":[],"hide":[],"vars":[],"if":[],"change_started":"","phrases":[{"text":"Что-то мне подсказывает подобное самообслуживание не предназначено для сдачи, отдохну в номере пока ожидаю сообщение. Можно познакомиться с посетителями Мотеля, хотя навряд ли я их еще увижу.","text_id":"d79907d7-d483-4bd5-a4d3-3dea91f1e3db","npc":"hero_thinks","anim":"","if":{}}]},{"name":"th_6","text":"<звук смс>","text_id":"070660cc-f67a-4c69-8d4f-d34489f771cb","hidden":false,"closed":false,"hide_self":true,"choice":false,"or_cond":false,"event":{"name":"go_to_the_room"},"show":[],"hide":[],"vars":[],"if":[],"change_started":"","phrases":[{"text":"Наконец-то, пришло сообщение от продавца… посылка спрятана… в сливном бачке в первой кабинке мужского туалета… это что гангстерский фильм?!","text_id":"f8e2ca3a-bb8f-4406-ac04-84bc34009d08","npc":"hero_thinks","anim":"","if":{}},{"text":"Хм, он даже не сказал где оставить деньги. Ладно, нужно забрать посылку.","text_id":"e74ca906-759f-4da1-816d-512a39ec680a","npc":"hero_thinks","anim":"","if":{}}]},{"name":"th_7","text":"Этот пистолет… фальшивка?!  Черт, на что я рассчитывал идя на эту сделку в даркнете.","text_id":"06ccaed2-9a63-499e-a1fc-4c0c2d54851f","hidden":false,"closed":false,"hide_self":true,"choice":false,"or_cond":false,"event":{"name":"check_toilet"},"show":[],"hide":[],"vars":[],"if":[],"change_started":"","phrases":[{"text":"Этот пистолет… фальшивка?!  Черт, на что я рассчитывал идя на эту сделку в даркнете.","text_id":"863d1bcc-9df6-4656-883a-66a57c210ea5","npc":"hero_thinks","anim":"","if":{}},{"text":"Странно что кто-то настолько напрягся ради подобного розыгрыша. У меня ощущения что на этом все не закончится..","text_id":"33841732-d73b-415b-b894-9855fb656551","npc":"hero_thinks","anim":"","if":{}}]}]}