{"character":"mett","autobranch":"start","branches":[{"name":"start","text":"О привет! Ты недавно сюда заехал?","text_id":"357a6375-1dfc-4bd5-aeaa-2ed78ca9faac","hidden":false,"closed":false,"hide_self":true,"choice":true,"or_cond":false,"event":{},"show":["G_enter"],"hide":[],"vars":[],"if":[],"change_started":"","phrases":[{"text":"О привет! Ты недавно сюда заехал?","text_id":"441b0ec5-26e3-47a4-b4c0-e852d1637c9c","npc":"matt","anim":"","if":{}},{"text":"Да, хотел пропустить стаканчик, а где бармен?","text_id":"51580368-0fb4-46b8-a6f0-0ca1baed84c2","npc":"hero","anim":"","if":{}},{"text":"Читай ту табличку. Тут самообслуживание, берешь что надо и оставляешь деньги на стойке, рано или поздно тот грубиян заберет их. ","text_id":"fabc690a-de0d-4f11-9e1c-aa3f59a51e67","npc":"matt","anim":"","if":{}},{"text":"Так он тут работает один?! И неужели они не боятся, что кто-то стащит бутылку не заплатив, или деньги. ","text_id":"721f59cc-5515-4a74-af4e-98323c58012e","npc":"hero","anim":"","if":{}},{"text":"Я сам об этом думал, на табличке было сказано что тут видеонаблюдение, но я что-то камер не вижу.","text_id":"5bc16129-19af-4846-9252-1b1402c6b609","npc":"matt","anim":"","if":{}}]},{"name":"G_enter","text":"","text_id":"e8d48d75-0efb-423b-834f-1f8e6af13f31","hidden":false,"closed":false,"hide_self":true,"choice":true,"or_cond":false,"event":{"name":"george-enter"},"show":["ans_1","ans_2"],"hide":[],"vars":[],"if":[],"change_started":"","phrases":[{"text":"Чтоб меня… Это же…","text_id":"e5521fd8-2fa6-4825-bf11-f216120b2612","npc":"matt","anim":"","if":{}},{"text":"Это и вправда вы!","text_id":"99c29d77-d79e-454f-9d24-ba89c60b5f39","npc":"matt","anim":"","if":{}},{"text":"Только не это…","text_id":"7809b56e-b061-452a-a07a-f6d5b7597bcc","npc":"george","anim":"","if":{}},{"text":"Вы великий Джордж Крэйвен! Я вырос на ваших фильмах ужасов!","text_id":"5c2bf1ba-b8b7-4da8-ae55-3eab9c2ead4f","npc":"matt","anim":"","if":{}},{"text":"Я уже давно не связываю себя с кинематографом.","text_id":"603bfff4-5362-4f49-a17a-43ca311bbe3f","npc":"george","anim":"","if":{}},{"text":"Вы все равно легенда! Блин можно ваш автограф… Черт ручки нет.","text_id":"cf466c9a-672d-48cc-9139-3b5cd5b3194b","npc":"matt","anim":"","if":{}},{"text":"Эй, прости у тебя не найдется ручки?","text_id":"9b611347-1eea-4cfa-8350-895c5dc64a65","npc":"matt","anim":"","if":{}}]},{"name":"ans_1","text":"Прости, у меня нет ручки.","text_id":"47eefa77-7339-481d-939b-f79f7f8e5445","hidden":false,"closed":true,"hide_self":true,"choice":false,"or_cond":false,"event":{},"show":[],"hide":[],"vars":[],"if":[],"change_started":"","phrases":[{"text":"Прости, у меня нет ручки.","text_id":"371c70d8-6aab-4a19-9675-907600f1513c","npc":"hero","anim":"","if":{}},{"text":"Эх, вот невезуха… Может здесь где-нибудь есть… ","text_id":"3c0c3122-2ee6-4b2b-acba-56f8083d9fb2","npc":"matt","anim":"","if":{}}]},{"name":"ans_2","text":"Да, держи.","text_id":"fa8374cb-dea1-4f9b-a715-ba70618ad564","hidden":false,"closed":true,"hide_self":true,"choice":false,"or_cond":false,"event":{},"show":[],"hide":[],"vars":[{"key":"matt_happy","op":"+","value":"1"}],"if":[{"key":"pen_to_matt","op":"==","value":"1"}],"change_started":"","phrases":[{"text":"Да, держи.","text_id":"925eeeb5-ad42-4470-989d-90e87a05228d","npc":"hero","anim":"","if":{}},{"text":"Спасибо! Я твой должник!","text_id":"b52d4399-4764-4cd7-9858-8965104bf0e7","npc":"matt","anim":"","if":{}}]}],"variables":[{"key":"pen_to_matt","value":"0","desc":"if have item pen "}]}