{"character":"george","autobranch":"start","branches":[{"name":"start","text":"","text_id":"1c6d72cb-99e9-44e2-b5ee-cbde6835763c","hidden":false,"closed":false,"hide_self":true,"choice":true,"or_cond":false,"event":{},"show":["ans_1","ans_2"],"hide":[],"vars":[],"if":[],"change_started":"","phrases":[{"text":"Надеюсь ты не еще один фанат.","text_id":"81aa9bc6-54d0-4187-86a8-373e73197429","npc":"george","anim":"","if":{}}]},{"name":"ans_1","text":"<Поговорить>","text_id":"c28a79d8-0659-448d-a02a-0357ebb63b19","hidden":true,"closed":false,"hide_self":true,"choice":true,"or_cond":false,"event":{},"show":["question_1","question_2","question_3","ans_2"],"hide":[],"vars":[],"if":[],"change_started":"","phrases":[{"text":" Я смотрю вы знамениты.","text_id":"9d1f5547-447b-4a08-9aa6-3cfc83881bc7","npc":"hero","anim":"","if":{}},{"text":"К сожалению… ","text_id":"a5ffeea0-23d2-4502-83fe-56331947d72f","npc":"george","anim":"","if":{}}]},{"name":"question_1","text":"Ваша слава не приносит вам удовольствие?","text_id":"c7ef73a0-f586-4dd0-94e6-8c729e2c861a","hidden":false,"closed":false,"hide_self":true,"choice":false,"or_cond":false,"event":{},"show":[],"hide":[],"vars":[],"if":[],"change_started":"","phrases":[{"text":"Ваша слава не приносит вам удовольствие?","text_id":"8b33cbb8-05c0-4bca-8173-b47cd027700e","npc":"hero","anim":"","if":{}},{"text":"Я уже давно ушел от дел. Когда я начинал, я мечтал о признание, но с возрастом приходит и желание просто оставаться незаметным, и наслаждаться спокойствием. ","text_id":"77803bd4-30ee-49c7-809a-c83b110e6fc5","npc":"george","anim":"","if":{}}]},{"name":"question_2","text":"Так вы снимали фильмы ужасов?","text_id":"26a15c8a-ad5b-4004-9bcd-3a3e6a64c0eb","hidden":false,"closed":false,"hide_self":true,"choice":false,"or_cond":false,"event":{},"show":[],"hide":[],"vars":[],"if":[],"change_started":"","phrases":[{"text":"Так вы снимали фильмы ужасов?","text_id":"11e2f4e9-c865-42d8-bac3-38b29d40d68e","npc":"hero","anim":"","if":{}},{"text":"Более двадцати, но я жил в мире иллюзий слишком долго, теперь я предпочитаю реальный мир.","text_id":"de52681d-6597-477d-b04d-22de1b1d74c4","npc":"george","anim":"","if":{}}]},{"name":"question_3","text":"Весьма скромное место для знаменитых людей. ","text_id":"8aac491b-a74e-4edd-9b72-88a900e56363","hidden":false,"closed":false,"hide_self":true,"choice":false,"or_cond":false,"event":{},"show":[],"hide":[],"vars":[],"if":[],"change_started":"","phrases":[{"text":"Весьма скромное место для знаменитых людей. ","text_id":"939a7ac7-cabd-4da4-90ee-f91a13b406ef","npc":"hero","anim":"","if":{}},{"text":"Я здесь ожидая одного моего старого друга, не знаю с чего он решил назначить местом встречи эту дыру, но он был одним из немногих коллег, которых я не ненавидел.","text_id":"9ff3d4b8-8c84-472d-a464-85b44ebf1bd5","npc":"george","anim":"","if":{}}]},{"name":"ans_2","text":"<Уйти>","text_id":"d1387040-6bc3-4023-b9ee-6a5db96bbb8c","hidden":false,"closed":true,"hide_self":true,"choice":false,"or_cond":false,"event":{},"show":[],"hide":[],"vars":[],"if":[],"change_started":"","phrases":[{"text":"Ну, не буду мешать.","text_id":"1dc6122f-25ca-433e-8590-7221fc0dbdbd","npc":"hero","anim":"","if":{}},{"text":"Наконец-то я могу допить свой кофе в тишине. ","text_id":"5bf9d3b8-8afb-4757-956d-b125193e55e8","npc":"george","anim":"","if":{}}]}]}