{"character":"matt","autobranch":"start","branches":[{"name":"start","text":"","text_id":"f04c2a74-242c-4bc8-afe3-0d48faa246e6","hidden":false,"closed":false,"hide_self":true,"choice":true,"or_cond":false,"event":{},"show":["ans_1","ans_2"],"hide":[],"vars":[],"if":[],"change_started":"","phrases":[{"text":"А это ты. Спасибо что выручил! Кстати я забыл представиться, меня зовут Мэт. ","text_id":"aeb20b52-3993-428a-9003-8ae79b0ac7d0","npc":"matt","anim":"","if":{"key":"matt_happy","op":"==","value":"1","else":true}},{"text":"Где же тут чертова ручка… Кстати я забыл представиться, меня зовут Мэт. ","text_id":"ce97a566-f75d-46da-9bf6-7b49362f3faf","npc":"matt","anim":"","if":{}}]},{"name":"ans_1","text":"<Поговорить>","text_id":"c94c1c8e-50ff-47b4-9937-cdbd6f9a6a80","hidden":true,"closed":false,"hide_self":true,"choice":true,"or_cond":false,"event":{},"show":["ans_1_1","ans_1_2","ans_1_3"],"hide":[],"vars":[],"if":[],"change_started":"","phrases":[{"text":"Откуда ты?","text_id":"1694b1e0-116d-44fd-9df8-30c9558b1a58","npc":"hero","anim":"","if":{}},{"text":"Да  вот еду автостопом к другу,  он предложил мне одну интересную работу. Решил переночевать на нормальной кровати. Я кстати начинающий актер. А ты чем занимаешься? ","text_id":"528f4149-c983-411b-a13e-09f10e4e22b0","npc":"matt","anim":"","if":{}}]},{"name":"ans_1_1","text":"Последние дни я редко куда выходил. ","text_id":"8d3bb8d0-fa07-4cec-acef-2bff8f2490fe","hidden":true,"closed":false,"hide_self":true,"choice":true,"or_cond":false,"event":{},"show":["question_1","question_2","question_3"],"hide":[],"vars":[],"if":[],"change_started":"","phrases":[{"text":"Последние дни я редко куда выходил. ","text_id":"1290d924-7a13-4584-a1c0-27a78b910560","npc":"hero","anim":"","if":{}},{"text":"Да у меня так же бывало. Когда мне отказывали в ролях я по месяцу сидел дома и репетировал. ","text_id":"cf42ebe1-46b9-49d6-94c0-8f1d7958bea4","npc":"matt","anim":"","if":{}},{"text":"Похоже ты очень сильно переживаешь неудачи.","text_id":"e1a4f51d-782a-4c0d-8a11-95b3f7463c64","npc":"hero","anim":"","if":{}},{"text":"Не то слово. ","text_id":"58f0ccd9-087c-468e-97f6-39cf4fa702fb","npc":"matt","anim":"","if":{}}]},{"name":"ans_1_2","text":"<Не умело соврать>","text_id":"80034648-dbeb-4d12-8633-d4bae6147f0c","hidden":true,"closed":false,"hide_self":true,"choice":true,"or_cond":false,"event":{},"show":["question_1","question_2","question_3"],"hide":[],"vars":[],"if":[],"change_started":"","phrases":[{"text":"Я гитарист. Играю в разных клубах.","text_id":"b4ab9d3f-2914-4dec-86e2-3c8a9edb3c30","npc":"hero","anim":"","if":{}},{"text":"Ух ты, у меня друг играет в группе, ты уже известен?","text_id":"6ec76150-7471-4c6d-af7d-3ce6e0fe04fb","npc":"matt","anim":"","if":{}},{"text":"Нет, так просто приглашают в мелкие клубы.","text_id":"bcdd7322-8b6d-47bd-896c-1ccbefc5aeff","npc":"hero","anim":"","if":{}},{"text":"А как они о тебе узнают? ","text_id":"a052d19f-423e-4e5b-a459-93de570b75d5","npc":"matt","anim":"","if":{}},{"text":"Да через знакомых.","text_id":"02c03d09-1c4a-441f-9389-9de8ed615d39","npc":"hero","anim":"","if":{}},{"text":"А ты играешь в группе или соло.","text_id":"2b7a395c-d76b-4469-a6f4-edcf09a00162","npc":"matt","anim":"","if":{}},{"text":"Когда как…","text_id":"b4cd25b2-4ade-47c6-9f0a-6f2c8e66d854","npc":"hero","anim":"","if":{}},{"text":"А ты пишешь музыку сам?","text_id":"6d5cc1f4-b1df-410e-9c72-ec8eb33e4772","npc":"matt","anim":"","if":{}},{"text":"Хватит… Я просто немного играю… ничего серьезно, просто хобби…","text_id":"157423d6-123f-4939-8bd4-f692b3fbd310","npc":"hero","anim":"","if":{}},{"text":"Ну ладно…","text_id":"1ea6e1d2-d20c-43b7-b642-d5979f56a5ea","npc":"matt","anim":"","if":{}}]},{"name":"ans_1_3","text":"Не важно.","text_id":"dfaaa4b7-c0a6-4e13-acee-54e3a90bce80","hidden":true,"closed":false,"hide_self":true,"choice":true,"or_cond":false,"event":{},"show":["question_1","question_2","question_3"],"hide":[],"vars":[],"if":[],"change_started":"","phrases":[{"text":"Не важно.","text_id":"1b653f9e-a7e5-472d-98f7-74881d391d81","npc":"hero","anim":"","if":{}},{"text":"Не любишь говорить о себе? ","text_id":"d755be4f-0bb7-41be-82b1-cbd64fe877ce","npc":"matt","anim":"","if":{}},{"text":"Не о чем говорить.","text_id":"f81c425b-7728-4e04-a876-1fad2c9c46a6","npc":"hero","anim":"","if":{}},{"text":"Ты похож на человека у которого есть тайны, но думаю каждый имеет право держать свои тайны при себе. ","text_id":"9daf91d6-5ed5-46d8-8a40-087870580a75","npc":"matt","anim":"","if":{}}]},{"name":"question_1","text":"Так ты актер, и много ролей у тебя было? ","text_id":"5fd2bfea-74b0-40d5-b26b-f0107053a99b","hidden":false,"closed":false,"hide_self":true,"choice":false,"or_cond":false,"event":{},"show":[],"hide":[],"vars":[],"if":[],"change_started":"","phrases":[{"text":"Так ты актер, и много ролей у тебя было? ","text_id":"510331b7-75b7-4c80-ba0d-d4d263693c52","npc":"hero","anim":"","if":{}},{"text":"Пока ни одной. Я только начал свою карьеру. Пока занимаюсь разными мелочами чтобы немного набрать деньжат. Но у меня есть планы на важную роль. А ты не думал быть актером? Я думаю у тебя есть все шансы попробовать стать каким-нибудь главным героем.","text_id":"ecf03418-0ce9-4f32-a24f-27d7579d2b2d","npc":"matt","anim":"","if":{}},{"text":"Это не моё. Да и героизма во мне нет, меня волнуют лишь мои собственные цели. А тебе удачи в твоём деле.","text_id":"3ca8f121-e653-4729-a2a2-c929ac23e7a9","npc":"hero","anim":"","if":{}}]},{"name":"question_2","text":"Ты любишь фильмы ужасов? ","text_id":"806ea820-740f-42d4-be53-5d0be0a52674","hidden":false,"closed":false,"hide_self":true,"choice":false,"or_cond":false,"event":{},"show":[],"hide":[],"vars":[],"if":[],"change_started":"","phrases":[{"text":"Ты любишь фильмы ужасов? ","text_id":"16f5520c-3330-4bc7-b694-2c386c54113e","npc":"hero","anim":"","if":{}},{"text":"Обожаю. Но я не люблю когда сюжеты очень предсказуемые, ведь какой интерес когда все очевидно изначально. Мне всегда больше всего привлекали концепты противостояния двух личностей. Хотя законы жанра всегда должны соблюдаться, а что насчет тебя? Какой твой любимый фильм ужасов?","text_id":"ffee4712-5c35-4947-a98a-71d82ebb5edf","npc":"matt","anim":"","if":{}},{"text":"Я не фанат каких-либо жанров, да и кино смотрел раньше лишь в компаниях, поэтому смутно помню что смотрел.","text_id":"2469cfaf-d3f6-4c64-81ef-f78736ab53c0","npc":"hero","anim":"","if":{}},{"text":"Ну у тебя должен быть хотя бы один любимый фильм.","text_id":"bbe91525-a24b-40ed-9194-846f9b68338a","npc":"matt","anim":"","if":{}},{"text":"Ну, есть один фильм, он начинается концовкой и от конца идет к началу. И лишь когда фильм близится к концовке, то есть к началу событий, становится понятно что происходит. Мне кажется такой подход очень интересным, правда название фильма не могу вспомнить.","text_id":"0fd87766-0f74-4d72-b366-b7bd22cd3812","npc":"hero","anim":"","if":{}},{"text":"Да такой подход действительно интерес, но с другой стороны именно концовки самый мощный момент большинства фильмов, я считаю для этого эффекта сюжету лучше быть в правильной последовательности. ","text_id":"116e5a57-28ac-45ac-9313-8abe701593f3","npc":"matt","anim":"","if":{}}]},{"name":"question_3","text":"Так Джордж знаменитость? ","text_id":"b3ecd866-3413-4bd9-9cba-6e192496c1c6","hidden":false,"closed":false,"hide_self":true,"choice":false,"or_cond":false,"event":{},"show":[],"hide":[],"vars":[],"if":[],"change_started":"","phrases":[{"text":"Так Джордж знаменитость? ","text_id":"94da4cfc-ab24-412b-ba2c-c4e627355600","npc":"hero","anim":"","if":{}},{"text":"Черт, да он отец целого движения в фильмах ужасов. Я помню еще как в двенадцать лет смотрел его фильмы по десятку раз. Он настоящий перфекционист, все в его фильмах работает идеально, сюжет, актеры, грим. Он будто часовщик, который отрабатывает тщательно каждый механизм, чтобы он работал как единое целое. ","text_id":"fb5dd8ff-d126-4da3-bc8d-ea4d1eb18318","npc":"matt","anim":"","if":{}}]},{"name":"ans_2","text":"<Уйти>","text_id":"05e09a4f-4ebd-4858-b265-2d11389ce6f8","hidden":false,"closed":true,"hide_self":true,"choice":false,"or_cond":false,"event":{},"show":[],"hide":[],"vars":[],"if":[],"change_started":"","phrases":[{"text":"Ладно, я отойду. ","text_id":"f4b31062-70bd-4136-8864-c0fa27bd8d24","npc":"hero","anim":"","if":{}},{"text":"Удачи.","text_id":"e4914964-4c73-4da7-9209-86a03ce892bd","npc":"matt","anim":"","if":{}}]}]}