{"character":"violet","autobranch":"start","branches":[{"name":"start","text":"","text_id":"d722b620-4bac-4500-a9e2-73fda52b14b1","hidden":false,"closed":false,"hide_self":true,"choice":true,"or_cond":false,"event":{},"show":["ans_1","ans_2","ans_3"],"hide":[],"vars":[],"if":[],"change_started":"","phrases":[{"text":"О, привет. У тебя не найдется мелочи? А то мне совсем чу-чуть не хватает. ","text_id":"95b899d6-629f-4943-b091-5a63af811e0d","npc":"violet","anim":"","if":{}}]},{"name":"ans_1","text":"Я тороплюсь. ","text_id":"8f7afdd0-d8b0-4e85-aa9c-a0d5bc86573b","hidden":true,"closed":true,"hide_self":true,"choice":false,"or_cond":false,"event":{},"show":[],"hide":[],"vars":[],"if":[],"change_started":"","phrases":[{"text":"Я тороплюсь. ","text_id":"0deed326-6074-4091-8508-577d04e1d464","npc":"hero","anim":"","if":{}},{"text":"Перевелись джентльмены, придется идти за сумкой. ","text_id":"7a496c6e-fb29-47ab-bcc4-9026d0ef3b50","npc":"violet","anim":"","if":{}},{"text":"”Я решил не проверять мои способности, да и какой в этом смысле, если я знаю, что в слоте со сдачей точно есть монета. Меня ждут другие дела.”","text_id":"28ef5f49-0178-4623-a0df-cb8989c4beb5","npc":"hero_thinks","anim":"","if":{}}]},{"name":"ans_2","text":"Прости, нету.","text_id":"7120007f-0212-4832-afc5-eaad4656d18b","hidden":true,"closed":true,"hide_self":true,"choice":false,"or_cond":false,"event":{},"show":[],"hide":[],"vars":[],"if":[],"change_started":"","phrases":[{"text":"Прости, нету.","text_id":"e32d3f8a-a23d-48d6-bb68-dead6f44cefa","npc":"hero","anim":"","if":{}},{"text":"Да не бери в голову, схожу за сумкой, может там есть.","text_id":"0a2bdbca-bbae-4b73-b9f6-3cd75994cc0b","npc":"violet","anim":"","if":{}},{"text":"”Я решил не проверять мои способности, да и какой в этом смысле, если я знаю, что в слоте со сдачей точно есть монета. Меня ждут другие дела.”","text_id":"0f84ebf9-e24d-4941-9f16-8d9faec5b89c","npc":"hero_thinks","anim":"","if":{}}]},{"name":"ans_3","text":"Попробуй проверить слот со сдачей. Может кто-то оставил что-нибудь.","text_id":"31a328cd-b101-484f-a66a-6299befab1d0","hidden":true,"closed":true,"hide_self":true,"choice":false,"or_cond":false,"event":{},"show":[],"hide":[],"vars":[],"if":[],"change_started":"","phrases":[{"text":"Попробуй проверить слот со сдачей. Может кто-то оставил что-нибудь.","text_id":"f7cc1f0b-6bd3-44c3-8d33-a8d48deed997","npc":"hero","anim":"","if":{}},{"text":"И вправду, кто-то забыл свою сдачу, а ты прорицатель. ","text_id":"6907a376-c22c-4c6b-b6f4-f02da039748f","npc":"violet","anim":"","if":{}},{"text":"Просто повезло, житейская мудрость, ты не поверишь что можно найти в карманах забытых зимних курток.","text_id":"9f039952-27ba-496c-85aa-f6054bfb3311","npc":"hero","anim":"","if":{}},{"text":"Житейская мудрость? Я это запомню. ","text_id":"a27591ee-4c12-407c-8899-3f439d072614","npc":"violet","anim":"","if":{}},{"text":"”И снова мои ощущения не подвели меня. Прорицание… Если бы все было так просто.”","text_id":"7fda16d6-c568-48ca-b04b-e422cb9bf97b","npc":"hero_thinks","anim":"","if":{}}]}]}