{"character":"norman","autobranch":"start","branches":[{"name":"start","text":"","text_id":"fb763a46-0654-4fca-ad19-3c8c1eba78fd","hidden":false,"closed":false,"hide_self":true,"choice":true,"or_cond":false,"event":{},"show":["ans_1","ans_2","ans_3","ans_4"],"hide":[],"vars":[],"if":[],"change_started":"","phrases":[{"text":"Еще один. Что-то вас сегодня много. ","text_id":"a5c58209-075a-4f97-ae08-68a373bbd869","npc":"norman","anim":"","if":{}},{"text":"Смотрю качество сервиса тут отличное","text_id":"bda4b1a1-35a6-4ab5-8c5c-42de46ecbf0b","npc":"hero","anim":"","if":{}},{"text":"Это мой сторонний бизнес, люблю когда тихо, так теперь еще и за баром приглядывать… Ладно, насколько вы у нас планируется оставаться?","text_id":"f81a7682-f8e6-4be9-8985-ff9b3434a2b7","npc":"norman","anim":"","if":{}},{"text":"У меня тут встреча, я скоро уйду.","text_id":"559a65c1-1e8b-440e-bce7-6d40089c08b4","npc":"hero","anim":"","if":{}},{"text":"Если хочешь быть на территории Мотеля придется оплатить минимум час.","text_id":"13be7834-9693-4798-8cfc-43e1a01dfa3f","npc":"norman","anim":"","if":{}},{"text":"Ладно, мне комнату на час, сколько с меня.","text_id":"73fcff51-5533-4191-8cf5-912f0ac1754d","npc":"hero","anim":"","if":{}},{"text":"30 долларов.","text_id":"33164f9a-e50a-46e0-be9f-c1ce0c7e30eb","npc":"norman","anim":"","if":{}},{"text":"30 долларов?! Это шутка?","text_id":"431877b0-03af-4cc0-bc29-fb8857b8a3e7","npc":"hero","anim":"","if":{}},{"text":"Комнат у нас осталось мало, а вдруг придут еще посетители, вы как клиент, который берет номер всего на час совершенно плохи для бизнеса.","text_id":"0c4c28b8-7a39-4161-b42d-a73c29dec858","npc":"norman","anim":"","if":{}}]},{"name":"ans_1","text":"Будто у вас раскупят все комнаты за час…","text_id":"77ed6cff-35f2-4490-a857-f9b26087254d","hidden":false,"closed":false,"hide_self":true,"choice":false,"or_cond":false,"event":{},"show":[],"hide":[],"vars":[{"key":"argue","op":"+","value":"1"}],"if":[],"change_started":"","phrases":[{"text":"Будто у вас раскупят все комнаты за час…","text_id":"39290bb4-8251-42be-a51e-a3856a595ff3","npc":"hero","anim":"","if":{}},{"text":"А если разберут? Зачем мне рисковать из-за 30 долларов потерей 300. ","text_id":"d96eea1b-e981-412c-a8af-18c46f943a17","npc":"norman","anim":"","if":{}}]},{"name":"ans_2","text":"Я не буду платить 30 долларов за один долбаный час, это не лав отель.","text_id":"8faa7f28-b40e-485d-8521-d1f516571d3f","hidden":false,"closed":false,"hide_self":true,"choice":false,"or_cond":false,"event":{},"show":[],"hide":[],"vars":[{"key":"argue","op":"+","value":"1"}],"if":[],"change_started":"","phrases":[{"text":"Я не буду платить 30 долларов за один долбаный час, это не лав отель.","text_id":"44ab3c52-1c92-43dd-8fc2-425696afe0d5","npc":"hero","anim":"","if":{}},{"text":"Значит вы не получаете комнату и можете ждать своего друга или кого вы ждете, снаружи. По прогнозу погоды обещают ливень… ","text_id":"49f020df-fa62-49a3-a702-602e7eba543a","npc":"norman","anim":"","if":{}}]},{"name":"ans_3","text":"У меня мало денег… Дай хоть скидку.","text_id":"3740e24b-9a43-4d34-baba-01e35b6987a0","hidden":false,"closed":false,"hide_self":true,"choice":false,"or_cond":false,"event":{},"show":[],"hide":[],"vars":[{"key":"argue","op":"+","value":"1"}],"if":[],"change_started":"","phrases":[{"text":"У меня мало денег… Дай хоть скидку.","text_id":"d79ba003-c8fc-44c4-bc9c-b7cfbaebd38f","npc":"hero","anim":"","if":{}},{"text":"А у меня мало времени, вы берете комнату или нет. ","text_id":"e5aa5134-a835-44bc-ba41-546784b7201c","npc":"norman","anim":"","if":{}}]},{"name":"ans_5","text":"Послушай, давай хотя бы 25. ","text_id":"02beb043-8256-4ac3-8e28-f9927e717184","hidden":false,"closed":false,"hide_self":true,"choice":false,"or_cond":false,"event":{},"show":["argue_1","ans_4"],"hide":[],"vars":[],"if":[{"key":"argue","op":"==","value":"3"}],"change_started":"","phrases":[{"text":"Послушай, давай хотя бы 25. ","text_id":"2bbb8baf-f892-4fa9-b54d-d38117e2499b","npc":"hero","anim":"","if":{}},{"text":"Дай подумаю… НЕТ! ","text_id":"cdd094a3-f723-416b-922c-deb96af07df0","npc":"norman","anim":"","if":{}}]},{"name":"argue_1","text":"Согласись, это не адекватная цена, за один час. ","text_id":"ab19025a-4efc-4f15-ba83-80ea85968b4a","hidden":true,"closed":false,"hide_self":true,"choice":true,"or_cond":false,"event":{},"show":["argue_2","ans_4"],"hide":[],"vars":[],"if":[],"change_started":"","phrases":[{"text":"Согласись, это не адекватная цена, за один час. ","text_id":"ff883abc-b259-4110-884b-3a8b329bed1c","npc":"hero","anim":"","if":{}},{"text":"А вы считаете уборку номера после вашего пребывания? Мне думаете интересно потом будет поздно ночью убирать за вами. ","text_id":"38f8505b-b46d-45e4-b3bc-d8b57892ff7b","npc":"norman","anim":"","if":{}}]},{"name":"argue_2","text":"Я сам уберу за собой, да мне даже в номер заходить не надо. ","text_id":"d3598589-e8a7-4308-b9d8-fed2e733a87e","hidden":true,"closed":false,"hide_self":true,"choice":false,"or_cond":false,"event":{},"show":["argue_3","ans_4"],"hide":[],"vars":[],"if":[],"change_started":"","phrases":[{"text":"Я сам уберу за собой, да мне даже в номер заходить не надо. ","text_id":"0861003c-ebb8-43e5-a8ed-83b92f13566e","npc":"hero","anim":"","if":{}},{"text":"Для меня ваши обещания ничего не значат, так берете номер или нет? ","text_id":"87191698-ca6c-4e54-a57c-3db77ac3d60f","npc":"norman","anim":"","if":{}}]},{"name":"ans_4","text":"Ладно, беру на час.","text_id":"2b9bdaea-ed15-4f52-bfbf-12df60eb6438","hidden":false,"closed":false,"hide_self":true,"choice":true,"or_cond":false,"event":{},"show":["key_1"],"hide":["ans_1","ans_2","ans_3"],"vars":[],"if":[],"change_started":"","phrases":[{"text":"Ладно, беру на час.","text_id":"73305566-8412-4372-82fd-ec254d238dd5","npc":"hero","anim":"","if":{}}]},{"name":"argue_3","text":"Да не будь ты козлом. Будь другом! ","text_id":"5bec7ca4-45ad-4636-bb1f-e46868b346de","hidden":true,"closed":false,"hide_self":true,"choice":true,"or_cond":false,"event":{},"show":["key_1"],"hide":[],"vars":[{"key":"angry_norman","op":"+","value":"1"}],"if":[],"change_started":"","phrases":[{"text":"Да не будь ты козлом. Будь другом! ","text_id":"6963ec63-4e33-473f-bbca-d6d42480ac95","npc":"hero","anim":"","if":{}},{"text":"Вы не хотите брать номер? Тогда я буду вынужден попросить вас уйти.","text_id":"fcda6bd2-3340-4885-9c7a-caa70c3e8701","npc":"norman","anim":"","if":{}},{"text":"Ладно, хрен с тобой, вот, 30 долларов. Давай сраный ключ.","text_id":"4129f1dc-4fad-42e5-85d3-4fb72d24e103","npc":"hero","anim":"","if":{}}]},{"name":"key_1","text":"","text_id":"ccade9c9-a1cc-412d-9b37-980340112b2c","hidden":true,"closed":false,"hide_self":true,"choice":true,"or_cond":false,"event":{},"show":["key_ans_1","key_ans_2"],"hide":[],"vars":[],"if":[],"change_started":"","phrases":[{"text":"Вот ваш ключ, номер 202. ","text_id":"e06788d8-47cd-4c86-801d-1f8ed6bb5f37","npc":"norman","anim":"","if":{}}]},{"name":"key_ans_1","text":"<Забрать ключ>","text_id":"03e18da2-3652-4f94-aeed-7175911561af","hidden":true,"closed":true,"hide_self":true,"choice":false,"or_cond":false,"event":{"name":"get_item","param":"key_202"},"show":[],"hide":[],"vars":[],"if":[],"change_started":"","phrases":[{"text":"Спасибо. ","text_id":"ec60bce2-40f5-4641-874b-a1ca524e7582","npc":"hero","anim":"","if":{}},{"text":"Удачного прибывания в нашем мотеле.","text_id":"5b917773-ef09-4078-9489-f54a62430943","npc":"norman","anim":"","if":{}}]},{"name":"key_ans_2","text":"Я предпочел бы номер 102.","text_id":"60f09b7e-fd07-4303-8fe6-546d83e4d135","hidden":true,"closed":false,"hide_self":true,"choice":true,"or_cond":false,"event":{},"show":["key_2","key_ans_1"],"hide":[],"vars":[],"if":[{"key":"key","op":"==","value":"1"}],"change_started":"","phrases":[{"text":"Я предпочел бы номер 102.","text_id":"c388cd07-f44d-44f8-bbe9-1ad9eda62bbd","npc":"hero","anim":"","if":{}},{"text":"Простите, но этот номер занят.","text_id":"979bea63-9b8b-4372-941d-ce4c1ab541ac","npc":"norman","anim":"","if":{}}]},{"name":"key_2","text":"Но вот же висит ключ. ","text_id":"643752ee-6865-4620-8a3d-efc64eca1b28","hidden":true,"closed":false,"hide_self":true,"choice":true,"or_cond":false,"event":{},"show":["key_3","key_ans_1"],"hide":[],"vars":[],"if":[],"change_started":"","phrases":[{"text":"Но вот же висит ключ. ","text_id":"66d572f4-b94a-4ac8-86d3-ad9288eee7b1","npc":"hero","anim":"","if":{}},{"text":"Ну номер очень грязный… Увы я не успел убрать его, поверьте номер 202 будет куда лучше.","text_id":"e976b201-b2ee-4bdc-9f20-7a05ea644caf","npc":"norman","anim":"","if":{}}]},{"name":"key_3","text":"Все же я предпочту номер 102. ","text_id":"e2fceb0a-1fa9-4373-b78a-cbc9a173658c","hidden":true,"closed":true,"hide_self":true,"choice":false,"or_cond":false,"event":{"name":"get_item","param":"key_102","post":true},"show":[],"hide":[],"vars":[],"if":[],"change_started":"","phrases":[{"text":"Все же я предпочту номер 102. ","text_id":"d62e4c3c-6bbf-487f-940b-1db1224e9115","npc":"hero","anim":"","if":{}},{"text":"Держи свой ключ, и удачного прибывания… козел…","text_id":"43994a80-82c0-4a37-a007-01b4490a87e7","npc":"norman","anim":"","if":{"key":"angry_norman","op":"==","value":"1","else":true}},{"text":"Вот ваш ключ, но не жалуйтесь потом, что номер грязный.","text_id":"c1e1cdaa-c76e-428d-b608-3b432f77623e","npc":"norman","anim":"","if":{}}]}],"variables":[{"key":"argue","value":"0","desc":"if don't want to pay"},{"key":"angry_norman","value":"0","desc":"make Norman pissed off"}]}