{"character":"brandon","autobranch":"branch_auto","branches":[{"name":"branch_auto","text":"","text_id":"0ed5e17b-c601-4bd0-b00f-1af271c95f7d","hidden":false,"closed":false,"hide_self":true,"choice":false,"or_cond":false,"extern_signal":"","show":[],"hide":[],"vars":[],"if":[],"change_started":"","phrases":[{"text":"Как дела, приятель?","text_id":"9f29233a-4f0d-4ff0-a987-cc13d8576097","npc":"brandon","anim":"","if":{}}]},{"name":"branch_1","text":"Расскажи о себе","text_id":"1f742c8d-c49c-4da6-991a-46853fb6b515","hidden":false,"closed":false,"hide_self":true,"choice":true,"or_cond":false,"extern_signal":"","show":["branch_1_ans_1","branch_1_ans_2"],"hide":[],"vars":[],"if":[],"change_started":"","phrases":[{"text":"Расскажи о себе","text_id":"eb629576-acf3-42ec-9d45-1f346f3f3950","npc":"gg","anim":"","if":{}},{"text":"Не удивляйся, если в городе тебе наговорят гадостей о твоем покорном слуге. Надсмоторщику нередко приходится приводить в исполнение непопулярные решения гильдии, знаешь ли.","text_id":"569a0726-0d96-4d29-813e-5a59557cb7bd","npc":"brandon","anim":"","if":{}},{"text":"Но этот дешевый цирк мне надоел. Брэндон пытался поладить с этими невеждами, но теперь пора отдохнуть. На самом деле... ты можешь мне помочь...","text_id":"16080a48-3794-49cd-b5cb-89a176082e1a","npc":"brandon","anim":"","if":{}}]},{"name":"questions","text":"Мне бы хотелось задать тебе несколько вопросов","text_id":"a280bb3e-bfcc-434c-9b37-63e2771d4d09","hidden":false,"closed":false,"hide_self":true,"choice":false,"or_cond":false,"extern_signal":"","show":["questions_1","questions_2","questions_3","questions_4","questions_5"],"hide":[],"vars":[],"if":[],"change_started":"","phrases":[{"text":"Мне бы хотелось задать тебе несколько вопросов","text_id":"37a35d6c-1ec4-4908-a4d9-a2104db8745d","npc":"gg","anim":"","if":{}},{"text":"Я не из тех, кто отказывает искателю Источника! Спрашивай, друг.","text_id":"142ba84c-a6e5-4435-aa52-be3125cc19db","npc":"brandon","anim":"","if":{}}]},{"name":"branch_3","text":"Я ухожу.","text_id":"9e60118d-0f5d-485f-becd-5185151b3c40","hidden":false,"closed":true,"hide_self":false,"choice":false,"or_cond":false,"extern_signal":"","show":[],"hide":[],"vars":[],"if":[],"change_started":"","phrases":[]},{"name":"branch_1_ans_1","text":"Давайте узнаем подробности!","text_id":"471b4f4d-528d-47b2-a7c2-af984588faa6","hidden":true,"closed":false,"hide_self":true,"choice":false,"or_cond":false,"extern_signal":"","show":[],"hide":[],"vars":[],"if":[],"change_started":"","phrases":[{"text":"Давайте узнаем подробности!","text_id":"cae7b4e2-faa5-4143-8d96-93d7f4e3a824","npc":"gg","anim":"","if":{}},{"text":"Надо сказать, мнея это тоже заинтересовало...","text_id":"deb6e7b6-652c-4d3f-a93a-ce2dd3ff864c","npc":"companion","anim":"","if":{}},{"text":"Хо-хо!  Я знал, что искатели Источника не боятся трудностей...","text_id":"1f8a7513-046a-48ba-bcf7-8585b8b7d774","npc":"brandon","anim":"","if":{}}]},{"name":"branch_1_ans_2","text":"Что-то здесь не так... Сомневаюсь, что нам стоит слушать дальше.","text_id":"969f679b-17d2-4ba9-bcb6-5107a91fdd14","hidden":true,"closed":false,"hide_self":true,"choice":false,"or_cond":false,"extern_signal":"","show":["ans_2_comp_1","ans_2_comp_2","ans_2_comp_3","ans_2_comp_4"],"hide":[],"vars":[],"if":[],"change_started":"","phrases":[{"text":"Что-то здесь не так... Сомневаюсь, что нам стоит слушать дальше.","text_id":"8cf4a9e2-91ec-4ae7-ba57-e834dd09bb55","npc":"gg","anim":"","if":{}},{"text":"Этот Брэндон - неплохой парень. Ему стоит помочь.","text_id":"ce1685f5-b34a-48e6-83ec-9715f9778a6d","npc":"companion","anim":"","if":{}}]},{"name":"quest_1_0","text":"Поговорим о вашей отставке...","text_id":"46b802e7-2136-47ae-9f15-8124a17bb60f","hidden":true,"closed":false,"hide_self":true,"choice":false,"or_cond":false,"extern_signal":"","show":["quest_1_1"],"hide":[],"vars":[],"if":[],"change_started":"","phrases":[{"text":"Поговорим о вашей отставке...","text_id":"a414f12a-7ec3-4711-846d-66edbbbfbf89","npc":"gg","anim":"","if":{}},{"text":"Между нами говоря, король троллей сидит на сокровище, о котором даже не подозревает. Металл под названием тенебрий стоит дороже своего веса в золоте! Я хочу его забрать, продать и провести остаток дней без забот и хлопот.","text_id":"33e18878-ee85-45ac-8243-e5fe706dcb0f","npc":"brandon","anim":"","if":{}},{"text":"Но как обычно, дьявол в деталях. Я так и не придумал, как забраться в королевскую пещеру, а тем более вынести оттуда тенебрий.","text_id":"e9d16778-3582-48df-b54f-43f204f5edbc","npc":"brandon","anim":"","if":{}},{"text":"Но вы же искатели Источника... Да, вы можете разнюхать любую тайну! Давайте договоримся: вы принесете мне тенебрий, а я вам расскажу кое что очень интересное насчет Сильвергена и, в частности, нашего драгоценного Лоренса...","text_id":"183cbc0c-b04d-4d56-9613-3cdb01f471ca","npc":"brandon","anim":"","if":{}},{"text":"Впрочем, подцепить гниль я не пожелаю даже злейшему врагу. Вот, возьмите: сюда надо поместить слитки тенебрия. Видите эти мелкие камушки? Они сдерживают распространение гнили.","text_id":"cc67ced1-1872-41ca-a6e2-676a034346e0","npc":"brandon","anim":"","if":{}}]},{"name":"quest_1_1","text":"Расскажи мне о короле троллей.","text_id":"4ddeae3d-97a2-484e-8abe-12a9190b3d7e","hidden":true,"closed":false,"hide_self":true,"choice":false,"or_cond":false,"extern_signal":"","show":[],"hide":[],"vars":[],"if":[],"change_started":"","phrases":[{"text":"Расскажи мне о короле троллей.","text_id":"c8ba993d-6b98-4284-b49b-b232217e3117","npc":"gg","anim":"","if":{}},{"text":"Если не считать мощи Гунгира и неизлечимого уродства, то он практически ничем не отличается от попугая: ум размером с горошину и пламенная страсть ко всему яркому и блестящему.","text_id":"33774f9c-9bbf-49b9-8204-00d035ff1a9b","npc":"brandon","anim":"","if":{}},{"text":"Этот тупица сидит на серебряной жиле, но сдает шахту в аренду компании за гроши. Он лучше отправит своих подручных собирать плату за проход по мосту, чем пошлет их добывать руду, хотя это в пять раз выгоднее!","text_id":"e0774bf1-6fb4-4c52-a9ec-85a3555bcc8a","npc":"brandon","anim":"","if":{}},{"text":"Я точно не знаю, где его пещера, но по крайней мере один из прислужников этого тупицы должен знать. Куда же они должны девать все то золото, что собирают на этих чертовых мостах?","text_id":"e7edad8b-af81-424c-b7fa-61cb66f18eae","npc":"brandon","anim":"","if":{}}]},{"name":"questions_1","text":"Что тебе известно о Непорочных?","text_id":"1adc5e07-3eaf-4abd-8237-432e6aedf047","hidden":true,"closed":false,"hide_self":true,"choice":false,"or_cond":false,"extern_signal":"","show":["questions_2","questions_3","questions_4","questions_5"],"hide":[],"vars":[{"key":"brandon_q1","op":"=","value":"1"}],"if":[{"key":"brandon_q1","op":"!=","value":"1"}],"change_started":"","phrases":[{"text":"Что тебе известно о Непорочных?","text_id":"94d58a9d-e210-4e27-9e98-f33b7a0460f1","npc":"gg","anim":"","if":{}},{"text":"Весь этот цирк начался после того, как мы нашли тенебрий. Какая-то психопатка с непонятным камнем сумела вылечить гниль и убедила местных, что является воплощением богини или чем-то вроде того. Теперь ее все зовут Пифией.","text_id":"dbba74ac-2929-4b41-9f49-600d9aed64e8","npc":"brandon","anim":"","if":{}}]},{"name":"questions_2","text":"Расскажи о тенебрии.","text_id":"07c26bb0-501b-4456-a4f8-e5e00b1b1d6e","hidden":true,"closed":false,"hide_self":true,"choice":false,"or_cond":false,"extern_signal":"","show":["questions_1","questions_3","questions_4","questions_5"],"hide":[],"vars":[{"key":"brandon_q2","op":"=","value":"1"}],"if":[{"key":"brandon_q2","op":"!=","value":"1"}],"change_started":"","phrases":[{"text":"Расскажи о тенебрии.","text_id":"2225e231-bc43-4cab-adbe-9f134d942d6c","npc":"gg","anim":"","if":{}},{"text":"Странное, вонючее вещество... его нашли здесь года два назад, и с тех пор все тянут к нему свои жадные лапы. Для кого-то эта штука стоит дороже бриллиантов.","text_id":"80bf5468-961d-4d07-8208-ee1dc62f872d","npc":"brandon","anim":"","if":{}}]},{"name":"questions_3","text":"Что тебе известно о гнили?","text_id":"c0988cd8-a3e7-48aa-bd87-da0355badf72","hidden":true,"closed":false,"hide_self":true,"choice":false,"or_cond":false,"extern_signal":"","show":["questions_1","questions_2","questions_4","questions_5"],"hide":[],"vars":[{"key":"brandon_q3","op":"=","value":"1"}],"if":[{"key":"brandon_q3","op":"!=","value":"1"}],"change_started":"","phrases":[{"text":"Что тебе известно о гнили?","text_id":"87e48a8f-4454-4f82-a5f6-33c00247c6c2","npc":"gg","anim":"","if":{}},{"text":"Гниль? А ты, смотрю, из любопытных... Поспрашивай у местных: у одной из половины были братья, которые померли от нее, а вторую исцелил этот местный культ.","text_id":"7ffe9429-6f12-407d-8da3-391d23ff6eff","npc":"brandon","anim":"","if":{}}]},{"name":"questions_4","text":"Тебе что нибудь известно о шахтере по имени Бен?","text_id":"defd1edc-9d06-43f6-a67e-a8a99ebaa5f8","hidden":true,"closed":false,"hide_self":true,"choice":false,"or_cond":false,"extern_signal":"","show":["questions_1","questions_2","questions_3","questions_5"],"hide":[],"vars":[{"key":"brandon_q4","op":"=","value":"1"}],"if":[{"key":"brandon_q4","op":"!=","value":"1"}],"change_started":"","phrases":[{"text":"Тебе что нибудь известно о шахтере по имени Бен?","text_id":"ed74ab3c-2098-4098-b3fa-e23915f25fa9","npc":"gg","anim":"","if":{}},{"text":"Я отлично его помню: приличный человек, крепкий, с забавным акцентом, да? Он сумел выбраться из Силверглена живым, но, насколько я помню, у него уже были симптомы гнили.","text_id":"f4cf6faf-6c26-4777-bcbd-b83be05aa5d4","npc":"brandon","anim":"","if":{}}]},{"name":"questions_5","text":"Сменим тему...","text_id":"b351445f-b72b-4c0f-bacd-189bd9968043","hidden":true,"closed":false,"hide_self":true,"choice":false,"or_cond":true,"extern_signal":"","show":[],"hide":[],"vars":[{"key":"brandon_q1","op":"=","value":"0"},{"key":"brandon_q2","op":"=","value":"0"},{"key":"brandon_q3","op":"=","value":"0"},{"key":"brandon_q4","op":"=","value":"0"}],"if":[],"change_started":"","phrases":[{"text":"Сменим тему...","text_id":"f0759fe1-b909-49e1-86f3-253ad64c1034","npc":"gg","anim":"","if":{}}]},{"name":"ans_2_comp_1","text":"(Запугать)","text_id":"852f14bc-5ecd-49e9-ab9c-65d593d8b8cd","hidden":true,"closed":false,"hide_self":true,"choice":true,"or_cond":false,"extern_signal":"","show":["ans_2_comp_success"],"hide":[],"vars":[],"if":[],"change_started":"","phrases":[{"text":"Если твоя башка настолько дубовая, чтобы ввязываться во всякие сомнительные интриги, думаю, она выдержит хороший пинок","text_id":"6268b952-bada-456d-8dbb-6ff89fc45509","npc":"gg","anim":"","if":{}},{"text":"Ладно, пусть будет по-твоему!","text_id":"5603238d-1233-4bcc-ab39-b8a25283b5d5","npc":"companion","anim":"","if":{}}]},{"name":"ans_2_comp_2","text":"(Очаровать)","text_id":"cb6c29a5-bc20-4a5b-bd65-c7536bdfec21","hidden":true,"closed":false,"hide_self":true,"choice":true,"or_cond":false,"extern_signal":"","show":["ans_2_comp_success"],"hide":[],"vars":[],"if":[],"change_started":"","phrases":[{"text":"Думаю, мы можем найти себе более интересные развлечения, чем участи в сомнительных планах Брэндона. ","text_id":"5493d8c2-72c7-45ec-bce0-b9f46a69ed4e","npc":"gg","anim":"","if":{}},{"text":"Ладно, пусть будет по-твоему!","text_id":"bff19e43-c048-4497-9424-6a031f0e16e1","npc":"companion","anim":"","if":{}}]},{"name":"ans_2_comp_3","text":"(Убедить)","text_id":"c09ff651-f71b-4570-8602-dcf1c66a1b60","hidden":true,"closed":false,"hide_self":true,"choice":true,"or_cond":false,"extern_signal":"","show":["ans_2_comp_success"],"hide":[],"vars":[],"if":[],"change_started":"","phrases":[{"text":"Мы даже не знаем, что у Брэндона на уме. Было бы очень глупо действовать наобум.\n","text_id":"52a3a0be-fa17-47f1-b009-4c5f90b3ab43","npc":"gg","anim":"","if":{}},{"text":"Ладно, пусть будет по-твоему!","text_id":"b88907d7-f9e9-486b-8c01-ac537ddc6c2b","npc":"companion","anim":"","if":{}}]},{"name":"ans_2_comp_4","text":"Ладно, пусть будет по-твоему!","text_id":"bb186469-028c-4ba7-b2b6-e19c7f8ce608","hidden":true,"closed":false,"hide_self":true,"choice":false,"or_cond":false,"extern_signal":"","show":[],"hide":[],"vars":[],"if":[],"change_started":"","phrases":[{"text":"Ладно, пусть будет по-твоему!","text_id":"6917ec3e-48fb-4c7e-817b-7bcf8063a2c0","npc":"gg","anim":"","if":{}}]},{"name":"ans_2_comp_success","text":"","text_id":"3d422214-b784-4482-ba73-b9028d274bbb","hidden":true,"closed":false,"hide_self":true,"choice":false,"or_cond":false,"extern_signal":"","show":[],"hide":[],"vars":[],"if":[],"change_started":"","phrases":[{"text":"Ну, тогда этот замечательный план мне придется исполнять в одиночку. Эх, только время зря потратил...","text_id":"540be167-9028-48e3-a0d0-81b53f40066c","npc":"brandon","anim":"","if":{}}]}]}