{"character":"ivan","autobranch":"branch_0","branches":[{"name":"branch_0","text":"The first branch","text_id":"25b59c9d-614a-4932-b0d5-8fba55ea6355","hidden":false,"closed":false,"hide_self":true,"choice":false,"or_cond":false,"extern_signal":"","show":[],"hide":[],"vars":[],"if":[],"change_started":"","phrases":[{"text":"The first branch","text_id":"b6c3193d-0870-41da-bd8a-8a19c4ffc75f","npc":"hero","anim":"","if":{}},{"text":"The answer to the first branch","text_id":"a2c935a9-17a7-4869-9536-44cf4caefe0c","npc":"ivan","anim":"","if":{}}]},{"name":"branch_1","text":"The second branch","text_id":"9c3b6b9a-16b6-487f-a900-fa1a45666796","hidden":false,"closed":false,"hide_self":true,"choice":false,"or_cond":false,"extern_signal":"","show":[],"hide":[],"vars":[],"if":[],"change_started":"","phrases":[{"text":"The second branch","text_id":"4b5726e0-1958-4589-8e89-e23e298ec15a","npc":"hero","anim":"","if":{}},{"text":"The answer to the second branch","text_id":"935ee33e-34a5-41c3-96cc-dd5acfe3a13d","npc":"ivan","anim":"","if":{}}]},{"name":"branch_2","text":"The third branch","text_id":"620a22ae-9ce6-4580-bed3-fb3ff1e7d2b3","hidden":false,"closed":false,"hide_self":true,"choice":false,"or_cond":false,"extern_signal":"","show":[],"hide":[],"vars":[],"if":[],"change_started":"","phrases":[{"text":"The third branch","text_id":"103a0b71-aaec-40b5-979d-45f188f22e6f","npc":"hero","anim":"","if":{}},{"text":"The answer to the third branch","text_id":"f845bf38-b626-408b-a9a9-a34760bc7bf0","npc":"ivan","anim":"","if":{}}]}]}