{"character":"without_face","autobranch":"","dialogues":[{"name":"branch_0","phrase":"","text_id":"5e5b9d01-3dbe-4b9e-a039-02e404025ed3","hidden":false,"closed":false,"hide_self":true,"choice":false,"or_cond":false,"extern_signal":"","show":["branch_11"],"hide":[],"vars":[],"if":[],"change_started":"","dialog":[{"text":"Какая то стартовая фраза","text_id":"b786df6b-6e51-4252-991a-8e4444fd0787","npc":"hero_thinks","anim":"","if":{}},{"text":"","text_id":"07e6fe46-91b3-4d3e-9f50-91382ef4c109","npc":"without_face","anim":"","if":{}}]}]}