{"character":"without_face","autobranch":"block_start","branches":[{"name":"block_start","text":"","hidden":false,"closed":false,"hide_self":true,"choice":true,"or_cond":false,"extern_signal":"","show":["start_ans_1","start_ans_2","start_ans_3"],"hide":[],"vars":[],"if":[{"key":"has_item()","op":"==","value":"gun"}],"phrases":[{"text":"Все повторилось снова. Я оказался в этом месте, затем я увидел его, человека без лица. Он казался мне очень знакомым, как забытый друг, которого я хотел бы избегать.","npc":"hero_thinks","anim":"","if":{},"text_id":"e3167348-cf71-4225-8cc4-12c50192cf43"},{"text":"Вот и снова мы встретились...","npc":"without_face","anim":"","if":{},"text_id":"4d33fc7e-cb62-4cfd-957e-c09b13d36ff8"},{"text":"Что молчишь? Только не говори что снова забыл меня.","npc":"without_face","anim":"","if":{},"text_id":"926e35bf-7b99-42e9-a264-1911228b91f5"}],"change_started":"","text_id":"72aca203-02d2-401f-b63e-c75f39b40caa"},{"name":"start_ans_1","text":"Мы уже встречались... ","hidden":false,"closed":false,"hide_self":true,"choice":true,"or_cond":false,"extern_signal":"","show":["block2_ans_1","block2_ans_2","block2_ans_3","block2_ans_4"],"hide":[],"vars":[],"if":[],"phrases":[{"text":"Мы уже встречались... ","npc":"hero","anim":"","if":{},"text_id":"b5cb29f9-45cb-48ae-a464-2a95f1ef3faf"},{"text":"Хорошо, ты вспоминаешь. Но помнишь ли где ты сейчас находишься?","npc":"without_face","anim":"","if":{},"text_id":"49768f5e-fdd7-4a6a-96a7-8cf3c4535651"}],"change_started":"","text_id":"8b12b026-195f-4de4-b843-2a459f07082b"},{"name":"start_ans_2","text":"Я хочу проснуться...","hidden":false,"closed":false,"hide_self":true,"choice":true,"or_cond":false,"extern_signal":"","show":["block2_ans_1","block2_ans_2","block2_ans_3","block2_ans_4"],"hide":[],"vars":[],"if":[],"phrases":[{"text":"Я хочу проснуться...","npc":"hero","anim":"","if":{},"text_id":"234a5fea-2098-4028-94a7-9db733ce9265"},{"text":"Опять эти глупости... Неужели ты опять забыл что это за место?","npc":"without_face","anim":"","if":{},"text_id":"2655a61a-f63c-4fbc-a9e8-2f5e187acb44"}],"change_started":"","text_id":"112e24dd-916c-48a4-9d4c-5ba2b8e0df58"},{"name":"start_ans_3","text":"<Молчать>","hidden":false,"closed":false,"hide_self":true,"choice":true,"or_cond":false,"extern_signal":"","show":["block2_ans_1","block2_ans_2","block2_ans_3","block2_ans_4"],"hide":[],"vars":[{"key":"silent","op":"+","value":"1"}],"if":[],"phrases":[{"text":"...","npc":"hero","anim":"","if":{},"text_id":"ba271bc1-7d83-4183-81d6-f9b0b737159c"},{"text":"Не пытайся игнорировать меня. Вспомни... Ты помнишь это место?","npc":"without_face","anim":"","if":{},"text_id":"9890357c-6fe1-4d88-a41b-a78efb262a2d"}],"change_started":"","text_id":"b029078a-4ac4-4819-ba85-e6473286d88d"},{"name":"block2_ans_1","text":"Это ад? ","hidden":false,"closed":false,"hide_self":true,"choice":true,"or_cond":false,"extern_signal":"","show":["block_3"],"hide":[],"vars":[],"if":[],"phrases":[{"text":"Это ад? ","npc":"hero","anim":"","if":{},"text_id":"af32e093-02f3-4c9e-b0c4-c4162d732f68"},{"text":"Что за ограниченное мышление. Я уже устал объяснять тебе, что это за место, всё равно ты это забываешь. Лучше ответь на вопрос. ","npc":"without_face","anim":"","if":{},"text_id":"6f7ea25d-73de-4a9e-bc57-47a60713c3fe"}],"change_started":"","text_id":"4b9316d8-748f-4e43-b1b7-0c63a7475f3a"},{"name":"block2_ans_2","text":"Я схожу сума...","hidden":false,"closed":false,"hide_self":true,"choice":true,"or_cond":false,"extern_signal":"","show":["block_3"],"hide":[],"vars":[],"if":[],"phrases":[{"text":"Я схожу сума...","npc":"hero","anim":"","if":{},"text_id":"b83a9ac2-33f4-4dfe-ae80-cd6e863f40cf"},{"text":"Давай пропустим это клише. Лучше ответь на вопрос.","npc":"","anim":"","if":{},"text_id":"a70ac967-a4f3-4b2e-b52d-6ec46653724e"}],"change_started":"","text_id":"242667eb-c717-4e74-a802-e70ce55bcb80"},{"name":"block2_ans_3","text":"В этом месте я смогу всё изменить.","hidden":false,"closed":false,"hide_self":true,"choice":true,"or_cond":false,"extern_signal":"","show":["block_4"],"hide":[],"vars":[],"if":[],"phrases":[{"text":"В этом месте я смогу всё изменить.","npc":"hero","anim":"","if":{},"text_id":"ebf450e0-9b6b-4d6c-be5f-8a56dcdb4816"},{"text":"Ты не меняешься. Сколько же наших подобных встреч придется еще пережить... Думаю мой вопрос можно пропустить.","npc":"without_face","anim":"","if":{},"text_id":"da875f5f-482f-43c7-b324-b14f821a4cba"}],"change_started":"","text_id":"62b50fb2-d472-4fe7-bbfe-6371dad01fe6"},{"name":"block2_ans_4","text":"<Молчать>","hidden":false,"closed":false,"hide_self":true,"choice":true,"or_cond":false,"extern_signal":"","show":["block_silent","block_3"],"hide":[],"vars":[{"key":"silent","op":"+","value":"1"}],"if":[],"phrases":[{"text":"...","npc":"hero","anim":"","if":{},"text_id":"1d779204-f038-4503-bb4d-c5d52ae3bcaf"},{"text":"Молчишь... Может ответишь на мой вопрос?","npc":"","anim":"","if":{"key":"silent","op":"!=","val":"2","else":false},"text_id":"29fb5a5e-b82a-4abf-aac7-c6ab6b421d49"}],"change_started":"","text_id":"fc75593a-b77b-45c3-a7da-a1a60f947d0c"},{"name":"block_silent","text":"","hidden":false,"closed":false,"hide_self":true,"choice":true,"or_cond":false,"extern_signal":"","show":["block_silent_ans","block_silent_ans","block_silent_ans","block_silent_ans"],"hide":[],"vars":[],"if":[{"key":"silent","op":"==","value":"2"}],"phrases":[{"text":"Не забывай ты здесь пока что гость, а молчать когда тебе задают вопрос проявление грубости. Пора тебе напомнить, о главном, свобода это иллюзия.","npc":"without_face","anim":"","if":{},"text_id":"fba6b5fb-cf07-4b25-af65-efbf47ec7647"},{"text":"Назови моё имя и я раскрою тебе все тайны.","npc":"without_face","anim":"","if":{},"text_id":"529bde2e-b640-4b31-8ae9-526e343bfd82"}],"change_started":"","text_id":"53110ae0-5e5d-4578-9ccf-879782cad66c"},{"name":"block_silent_ans","text":"<Молчать>","hidden":false,"closed":false,"hide_self":true,"choice":true,"or_cond":false,"extern_signal":"","show":["block_4"],"hide":[],"vars":[{"key":"silent","op":"+","value":"1"}],"if":[],"phrases":[{"text":"...","npc":"hero","anim":"","if":{},"text_id":"ac9e9379-c38e-4d36-a82b-9c33aa1753c6"},{"text":"Хватит уже всяких глупостей, раз не хочешь говорить, то слушай. У меня есть для тебя подарок.","npc":"","anim":"","if":{},"text_id":"76fc7c40-4db6-4a76-b331-10f2afd5abd7"}],"change_started":"","text_id":"3edb2aca-3861-47c2-b6fe-91551b74ccc2"},{"name":"block_3","text":"","hidden":false,"closed":false,"hide_self":true,"choice":true,"or_cond":false,"extern_signal":"","show":["block_3_ans_1","block_3_ans_2"],"hide":[],"vars":[],"if":[{"key":"silent","op":"!=","value":"2"}],"phrases":[{"text":"Готов ли ты двигаться дальше? ","npc":"without_face","anim":"","if":{},"text_id":"1961a763-9a33-4faa-a607-bb703442b0c8"}],"change_started":"","text_id":"898143c4-1275-4ab0-834a-79713b2e61ef"},{"name":"block_3_ans_1","text":"Что ты имеешь в виду? Оставь меня в покое я хочу вернуться в обычный мир!","hidden":false,"closed":false,"hide_self":true,"choice":false,"or_cond":false,"extern_signal":"","show":["block_4"],"hide":[],"vars":[],"if":[],"phrases":[{"text":"Что ты имеешь в виду? Оставь меня в покое я хочу вернуться в обычный мир!","npc":"hero","anim":"","if":{},"text_id":"49129104-cf80-4103-9722-d2addf973f83"},{"text":"Раз ты так считаешь, я позволю тебе уйти, но позволь мне перед этим тебе помочь. ","npc":"without_face","anim":"","if":{},"text_id":"2860673d-a7e4-4dc3-bac7-06feb71e3dd5"}],"change_started":"","text_id":"e2175b6e-37b9-4aa1-af7a-50fc7b3fc848"},{"name":"block_3_ans_2","text":"Мне нужно быть в другом месте.","hidden":false,"closed":false,"hide_self":true,"choice":false,"or_cond":false,"extern_signal":"","show":["block_4"],"hide":[],"vars":[],"if":[],"phrases":[{"text":"Мне нужно быть в другом месте.","npc":"hero","anim":"","if":{},"text_id":"6dccb09c-03e2-40e5-8d6e-cec9ddd6682f"},{"text":"Что же, тогда позволь мне кое что тебе подарить в дорогу. ","npc":"without_face","anim":"","if":{},"text_id":"a133bb92-397c-4df9-8d7e-aed6abe25410"}],"change_started":"","text_id":"1bec0827-34c4-406c-9479-dd0476fa4aaa"},{"name":"block_4","text":"","hidden":false,"closed":false,"hide_self":true,"choice":false,"or_cond":false,"extern_signal":"","show":["block_4_ans_1","block_4_ans_2","block_4_ans_3"],"hide":[],"vars":[],"if":[],"phrases":[{"text":"Если ты осмотришься в этом месте, ты сможешь обнаружить проекции, запомни их, они могут пригодиться тебе потом и предугадать события, которые еще для тебя не совершатся.","npc":"without_face","anim":"","if":{},"text_id":"c96171c6-ecc3-46f0-835a-f9fca5b93301"}],"change_started":"","text_id":"4bb6a735-fcc5-4f37-8abd-1586fa7b5fd2"},{"name":"block_4_ans_1","text":"Бессмыслица какая-та. ","hidden":false,"closed":false,"hide_self":true,"choice":true,"or_cond":false,"extern_signal":"","show":["block_end"],"hide":[],"vars":[],"if":[],"phrases":[{"text":"Бессмыслица какая-та. ","npc":"hero","anim":"","if":{},"text_id":"d343ead0-f4a4-461d-af72-31b70f0b3cd0"},{"text":"Ты сам вскоре увидишь как это работает. Мой тебе совет постарайся мыслить шире, позже это тебе может здорово помочь.","npc":"without_face","anim":"","if":{},"text_id":"577807e9-d0b8-4981-b831-40c544da49d8"}],"change_started":"","text_id":"1b2e230f-1880-40e8-8792-f9464349890e"},{"name":"block_4_ans_2","text":"Я могу с помощью них предсказывать будущее?","hidden":false,"closed":false,"hide_self":true,"choice":true,"or_cond":false,"extern_signal":"","show":["block_end"],"hide":[],"vars":[],"if":[],"phrases":[{"text":"Я могу с помощью них предсказывать будущее?","npc":"hero","anim":"","if":{},"text_id":"fe416162-e3db-47b7-89c0-5f228327caa6"},{"text":"Я бы не называл это предсказыванием будущего, мысли об этом больше как об отрывках памяти.","npc":"","anim":"","if":{},"text_id":"9f1ce6b7-3f2c-43cd-88e6-6ab459f898ed"}],"change_started":"","text_id":"90b05476-0bd1-406a-ae2f-ad14260a75a3"},{"name":"block_4_ans_3","text":"Запомнить?! Думаю это не трудно. ","hidden":false,"closed":false,"hide_self":true,"choice":true,"or_cond":false,"extern_signal":"","show":["block_end"],"hide":[],"vars":[],"if":[],"phrases":[{"text":"Запомнить?! Думаю это не трудно. ","npc":"hero","anim":"","if":{},"text_id":"23126237-7dbe-4226-a1eb-287507b6d347"},{"text":"Пока ты находишься здесь это легко, но как только ты окажешься вне этого пространства, ты едва вспомнишь, что ты видел, но если во время сможешь напрячь свою память в нужное время и в нужном месте, ты сможешь что-то изменить.","npc":"","anim":"","if":{},"text_id":"76318959-7f67-4e70-841d-034e144cbbbb"}],"change_started":"","text_id":"5d286214-105c-4d57-8e15-c5af5addcbc2"},{"name":"block_end","text":"","hidden":false,"closed":true,"hide_self":true,"choice":false,"or_cond":false,"extern_signal":"","show":[],"hide":[],"vars":[],"if":[],"phrases":[{"text":"Чтож тебе пора. Мы еще увидимся. Удачного пути!","npc":"","anim":"","if":{},"text_id":"33904d7b-0435-4406-855d-35b5069b87ed"}],"change_started":"","text_id":"3c7665b8-1749-4080-8746-685eb5f6d90c"}]}