{"character":"npc","autobranch":"start_0","branches":[{"name":"start_0","text":"","text_id":"5ec863bb-eb09-4e23-9fe7-af8aa8a35db2","hidden":false,"closed":false,"hide_self":true,"choice":true,"or_cond":false,"event":{},"show":["start_0_ans_1","start_0_ans_2","start_0_ans_3"],"hide":[],"vars":[],"if":[],"change_started":"","phrases":[{"text":"Скажи, ты за крестьян или за корля?","text_id":"97a8915d-b14a-4099-9257-ca695f72273e","npc":"npc","anim":"","if":{},"random":true},{"text":"Эй парень. Ты чьих будешь? ","text_id":"d3b9a0fa-a868-45da-aeea-17d2242c3a96","npc":"npc","anim":"","if":{},"random":true},{"text":"Ты кого поддерживаешь, друже?","text_id":"a8f657d4-d0d7-4729-8cad-9c3f5b67588e","npc":"npc","anim":"","if":{},"random":true}]},{"name":"start_0_ans_1","text":"Я за крестьян","text_id":"06b782d4-ccc3-489b-90fa-f1b4d91de7eb","hidden":true,"closed":false,"hide_self":true,"choice":false,"or_cond":false,"event":{},"show":[],"hide":[],"vars":[{"key":"for_peasants","op":"=","value":"1"}],"if":[],"change_started":"start_good","phrases":[{"text":"Я за крестьян","text_id":"53e4a1a2-17f0-44a3-852f-4398df9a7ffe","npc":"hero","anim":"","if":{}},{"text":"Отрадно слышать, что нас поддерживает народ. Если ты, конечно, не лукавишь.","text_id":"1eb97dc9-37c8-4160-83cf-c76510f2d9af","npc":"npc","anim":"","if":{}}]},{"name":"start_0_ans_2","text":"Я за короля","text_id":"29fb3261-a7e3-4207-a4c0-a70f96f02aaa","hidden":true,"closed":false,"hide_self":true,"choice":true,"or_cond":false,"event":{},"show":["start_0_ans_2_1","start_0_ans_2_2"],"hide":[],"vars":[{"key":"for_king","op":"=","value":"1"}],"if":[],"change_started":"start_bad","phrases":[{"text":"Я за короля","text_id":"f9b1ef61-e414-4fe2-9975-44156caf42d4","npc":"hero","anim":"","if":{}},{"text":"Хм... У него еще здесь остались сторонники? После всего того, что он сделал в наших краях? Или ты не из наших?","text_id":"2e7e9e86-c201-4cfb-93f0-7f5201f4207b","npc":"npc","anim":"","if":{}}]},{"name":"start_0_ans_3","text":"Я предпочитаю придерживаться нейтралитета","text_id":"5178b48a-7d60-4f1a-8141-bb0c07063ca1","hidden":true,"closed":false,"hide_self":true,"choice":true,"or_cond":false,"event":{},"show":["start_0_ans_1","start_0_ans_2"],"hide":[],"vars":[{"key":"for_neutrality","op":"=","value":"1"}],"if":[],"change_started":"","phrases":[{"text":"Я предпочитаю придерживаться нейтралитета","text_id":"519c604c-6ef5-425d-9a4a-420901fecae5","npc":"hero","anim":"","if":{}},{"text":"Нет, так не пойдет. В стороне у тебя остаться не получится. Так что выбирай, за кого ты?","text_id":"2b3e9d74-a35d-4904-913b-16beae5deec9","npc":"npc","anim":"","if":{}}]},{"name":"start_0_ans_2_1","text":"Да, ты прав, я не из здешних земель.","text_id":"6bfa63a9-11a5-48ab-80cb-ef04de305a07","hidden":true,"closed":false,"hide_self":true,"choice":false,"or_cond":false,"event":{},"show":[],"hide":[],"vars":[{"key":"is_local","op":"=","value":"0"}],"if":[],"change_started":"","phrases":[{"text":"Да, ты прав, я не из здешних земель.","text_id":"df41a3f1-d4c4-49ba-a14b-c3718a6382f7","npc":"hero","anim":"","if":{}}]},{"name":"start_0_ans_2_2","text":"Иногда королю приходится принимать непопулярные среди народа решения.","text_id":"d05ad16f-1461-43e6-9bc6-0c7f9444937e","hidden":true,"closed":false,"hide_self":true,"choice":false,"or_cond":false,"event":{},"show":[],"hide":[],"vars":[],"if":[],"change_started":"","phrases":[{"text":"Иногда королю приходится принимать непопулярные среди народа решения.","text_id":"027a2998-57bf-4146-af02-7dca35345e96","npc":"hero","anim":"","if":{}}]},{"name":"quest_1","text":"Где тут можно переночевать?","text_id":"e1a15f06-2caf-4d9a-976e-83f6c11b02a4","hidden":false,"closed":false,"hide_self":true,"choice":false,"or_cond":false,"event":{"name":"quest_update","param":"to_tavern"},"show":[],"hide":[],"vars":[],"if":[],"change_started":"","phrases":[{"text":"Где тут можно переночевать?","text_id":"e7737ad5-e8de-4c8a-ab76-e26d6e8e2974","npc":"hero","anim":"","if":{}},{"text":"А ты не здешний?","text_id":"645aac65-54de-45c1-b2f2-f76e35521751","npc":"npc","anim":"","if":{"key":"is_local","op":"==","value":"1","else":true}},{"text":"Чужакам тут не рады.","text_id":"3d5e311a-228c-4fb3-a9cc-7d99f64424e5","npc":"npc","anim":"","if":{}},{"text":"Да еще и поддерживаешь короля в его бесовских делах.","text_id":"c34c4504-d8e3-42eb-ac86-79225dbc8f99","npc":"npc","anim":"","if":{"key":"for_king","op":"==","value":"1","else":false}},{"text":"Можешь попытать счастья и спросить ночлега в трактире \"Лисий Хвост\"","text_id":"0c8d5b30-baff-483b-b58b-55e7de32251b","npc":"npc","anim":"","if":{}}]},{"name":"branch_neytral","text":"Почему ты думаешь, что нельзя оставаться в стороне?","text_id":"b58f0252-1a5f-4a8f-9555-7f4fe4f9ed56","hidden":false,"closed":false,"hide_self":true,"choice":false,"or_cond":false,"event":{"name":"test_event","post":true},"show":[],"hide":[],"vars":[],"if":[{"key":"for_neutrality","op":"==","value":"1"}],"change_started":"","phrases":[{"text":"Почему ты думаешь, что нельзя оставаться в стороне?","text_id":"fdaf00bf-a3a4-4e6d-8891-1d996050688f","npc":"hero","anim":"","if":{}},{"text":"Хочешь услышать мое мнение? Ну хорошо.","text_id":"e32c9afe-1eda-4407-9c6a-84c799b46663","npc":"npc","anim":"","if":{}},{"text":"Время сейчас неспокойное. Это ты раньше мог не интересоваться политикой, не выбиарть сторону конфликта. Но сейчас, на пороге гражданской войны, придется выбирать всем. Рано или поздно, но придется.","text_id":"a5deae36-c70f-4924-9e69-63a9ba3a5095","npc":"npc","anim":"","if":{}}]},{"name":"branch_end","text":"[Завершить диалог]","text_id":"c58d547a-c2b7-4c70-bcfa-6feb0ea81459","hidden":false,"closed":true,"hide_self":false,"choice":false,"or_cond":false,"event":{},"show":[],"hide":[],"vars":[],"if":[],"change_started":"","phrases":[]},{"name":"start_good","text":"","text_id":"9af2716e-2a3a-4444-86b9-ce92ae2d5e77","hidden":true,"closed":false,"hide_self":true,"choice":false,"or_cond":false,"event":{},"show":[],"hide":[],"vars":[],"if":[],"change_started":"start_good","phrases":[{"text":"Привет, друг!","text_id":"83fe6a1b-7ebf-4ac2-8edb-401c0d193f9c","npc":"npc","anim":"","if":{}}]},{"name":"start_bad","text":"","text_id":"8aeb8dc2-b828-4a03-b66c-82e830c98bf0","hidden":true,"closed":false,"hide_self":true,"choice":false,"or_cond":false,"event":{},"show":[],"hide":[],"vars":[],"if":[],"change_started":"start_bad","phrases":[{"text":"Чего тебе еще?","text_id":"117050ab-91f8-4a77-a75a-dcab95ab00f0","npc":"npc","anim":"","if":{}}]}],"variables":[{"key":"for_peasants","value":"0","desc":"За фермеров"},{"key":"for_king","value":"0","desc":"За короля"},{"key":"is_local","value":"1","desc":"Местный"},{"key":"for_neutrality","value":"0","desc":"За нейтралитет"}]}